0blivion,Oblivion,0b,Ob,oblivion,ob,0bliv,Obliv,obliv
000000000000000,000000,00000,0000,000,00,0
21
2ez,2easy
2po,po
00Zedd00,Zedd,Zed,zed,zedd
0Zeus0,Zeus,zeus,ozeuso,ozueso,ozeus
1Eleven1,11,eleven
2Quick,2quick,TooQuick,tooquick,ToQuick,2quik
3rd Eye,3rd,third,eye,3rdeye
5inch,inch,5
5hade,shade
Abylle,aby,abyl,abyle,abyll
Accident,acci,accid
Accord,Acc,accord,acc
Adam09,Adam,adam
Aemis,aemis
Aetna,aetna
Ahava,aha,shaba
Ajentj,ajentj,aj,Aj,ajent,aje,ajenj,ajenjt,ajenti,ah,ajeent,atentj,ajentji
Akeno,akeno
Akimia,akimia,Kimia,kimia,ak,aki
AlbusDumbledore,Albus,Al,Alb,albus,albi,al,alb
Alcohol,alcohol,Alchol,alchol
Aleister,aleister,Ale,ale,alister
ALODIA,alodia,alo
Alpi,alpi,Alp,alp,apli
AmritaAnanda,amrita,rita,amarita,Amarita,amrita ananda,america,armita,amirta
Anapa,anap
Angel ofMercy,angel,angelofmercy,angelof mercy,angel of mercy,mercy,aom,angle ofmercy,angel mercy,ange,angle of mercy,angel
Angler,angler,Angle
Anonymous Beta,anon,anonymous,anonymousebeta,beta,anonymousbeta,anonbeta
Amulet,amulet,Amu,amu
Ankh,ankh,Ank,ank
Aphrodite,Aphro,aphrodite,aphro,aphrodit3,aph,aphr0dit3
AquaMarine,aqua,marine,aqua marine
Arcta,archangel,arc,arct
Archilies,archil
Architect,archi,arch,arcitect,architecht,architech
Arcta,archta,arctra,acrta,areta,arcra
Ardyn,ardin,arden,ard
Arlene Murray,arlene
Armadillo,armadillo,Arma,arma,arna,arm,amradillo,armadillos
Asgards,asgard,asg
Ashley A,Ashley,Ash,ashley a,ashley,ash,ashleya
AsianKidXX,Asian,Asia,asiankid,asian,asia
Asteria,aster,ast,asteris,asteria lunakis,asteri,astoria,asti,aat,asty,asteria l,astr
Athlete,Lete,athlete,lete
Atrocity,atro,atroc
Audden,aud,audd,audden finley
Autumn,autumnn,autum,aut,autuum,autumm,ayt
Avalon2,avalon2,Avalon,avalon,Ava,ava
AxeYouAQuestion,axeyouaquestion,Axe,axe,axeyou,axeyoua,question
Ayana,aya,ayan,alana
Azena,azena,Zena,zena
Azenia,azenia,Zenia,zenia
Azona,azona,Zona,zona,az
Azure Aura,azure,aura
Bangin,Bang,bangin,bang
Bape,bapelord,Bape,bape,Bap,bap
Bashbashbash,Bash,Bashbashbash,bash
Baubles,baub,bauble
Baybee,bay,bayb,baybe,baby
Beattz,Beat,beattz,beat,beatzz,Beatz,beatz
Belisama,Beli,belisama,beli,Bel,bel
Benko,benki,benk
Berkanf,Berk,berkan,berk
Berry Iceman,berry,iceman,beryy,berryiceman,berryicemen,berry ice
BiggieLDN,Big,biggie,big,bihgie,ldn
Bill Gryll,Bill,bill gryll,bill
Bizaro,biz,biazro,bist,bizz,bizarro
Blade77,blade,blade 77
BlackRhinoJr,Blackrhino
BlackSash,sash,black sash,blaksash,blak sash,sasy,sasv,blachsash,bs,backsash
Black Cobra,blackcobra,cobra,bcob
BlazinStar,blazinstar,Blazin,blazin,blazing,blazingstar,blazing
Bloodsweezy,blood,bloods,sweezy,bloodsweez,bloodwheezy,sweeazy,sweeezy
BlueGlow
Bobymage,Boby,bobymage,boby
Bone7,bone
Bonlucky,Bon,bonlucky,bon
BossMaster,bossmaster,Boss,boss master
Bowner,Bow,Boner,bowner,bow,boner
Braden Cole,Braden,braden cole,braden,brad
Braydan,bray,brayd,brayden,bryadan,braydam
Bria Bellin,bria,bri,bellin
Brkn2013,Brkn,brkn2013,brkn
Bryan33,bryan33,Bryan,bryan,bryon,brayan,bry,bryanz
Buffy,Buff,Buf,buffy,buff,buf
Buj4nski,Buj,buj4nski,buj,buj4,bujanksi,bujanski,buj4anski,bij4nski,buj4snki,bj,budj4nsku
Bunibuns,bunibuns,Buni,buni,bun,bun bun,bunbun,bunny buns,bunbuns,bunnibuns
Butai,buta,but,butia,booty tooty,burai
Butcher629,Butcher,Butch,butcher629,butcher,butch
Buttermybuns,Butter,buttermybuns,butter
ByulHa,byul,byulh
Cakes,cake
Cammybearpea,Cam,Cams,Cbp,Cammy,cam,cams,cammy,cbp
CarSladoleda,car,cars,carsla,carslad,carslado,leda
Cat Astrophe,catastrophe,cat
Cazer,caz,caze,case
Chainz,chainz,Chains,chains
ChaosWarriors,Chaoswarrior,Cw,Chaos,chaoswarrior,cw
Charlesr9,Charles,charlesr9,charles
Charmin,charm,char,charming
CheeksMcGee,Cheeks,cheeksmcgee,cheeks
Cheering T,Cheering,Cheer,cheering t,cheering,cheer,CheeringT,cheeringt
Chele,chele
ChickyChicky,chickychicky,Chicky,chicky,Chick,chick
Chinook,Chin,chinook,chin
Chipmunk,munk
Chokachi,chok,Chok
Cian14,cian,cain14,ciam,cain
Cinch,cinch
Clayton369,clayton,clay
Clinch,clich
Cloudstorm,cloud,storm,cloud storm,cloud dtorm
Colby1,colb,col,colby
Coldsteel,cold,steel,xcoldsteelx,xxcoldsteelxx,cold steel
Combust,comb
Corpseman,corpse,corp,corpsman,corpse man,corps man
Cr0n0s,Cron,Chronos,cr0n0s,cron,cronos,chr0n0s
Cristiana,christi,christ,christianaaa,christiannaaaa,chris,cris,christiana,cristi,crist,cristianaaa,cristianaaaa,criss,cristian,cristina,cristis,christinaa,cristina,cristinaa,christina
Crixos*,Crix,crixos,crix
Cruiser,Cruise,cruiser,cruis,cruise
Crusher1,Crusher,Crush,crusher1,crusher,crush,crisher1,crisher,crish
Ddd5ddd5,d5,dd5,ddd5,d5d,dd5d,dd5dd,ddd5d,ddd5dd,ddd5ddd,dd5ddd5,dd5dd5,ddd5dd5,ddd,d,
Dab,dab
Dabstar,dabstar
DaKiller,dakiller75,da killer,dakikler,dakilller,dakill,Daki
Dantrag,Dan,Dant
DaedricLord,dae
DaedricPrince
DailyDouble,daily double,bailydouble,daily,bailydouble,daily d’où il,double,dd
Dakuna,Dak,dakuna,dak,dam,daku,dakz
Dalamadur,dala,dalam,dalamder,dalamader,dalamar,dalma,dalmadur,dalamudar
Daliah,dal,dali,dalah,dali's,dalilah,delilah,dahiah,dalia
Daric Pierce,Daric,daric pierce,daric
DarkLizard,Dark,lizard,dark lizzard,dark lizard,darklizzard,drak lizard,draklizard,far lizard,dark dizard,iizard,dark izard,liz,dark lizad,dark lord
Darkly,darkly
Darkstorm
DarkWing71,darkwing71,DarkWing,darkwing,Wing71,wing71,Wing,wing,Darkwing
Darky69,darky,69,dark69
Darouin,darouin
DarthSniper,darth sniper
DarkSniper,dark sniper,sniper,darknsiper
DaveTheWizard,Dave,davethewizard,dave
Dayanara,dayanara,Day,day,daya,dayan,dayana,data
DailyDouble,dailydouble,daily,Daily,DD,dd,daily double
Dead Inside,inside
DeadShadows,dead,shadow,shadows,ds,deadahadows,darkshadows,deadshadow,deads,deadshaodws,deathshadows,dead shadows,deadshaddows
Death Spite,Death,deathspite,death
Dellboy,dell,boy
Dementia,Dem,dementia,dem,demen,dement
Devilsarmour,DA,Devil,devilsarmor,devilsarmour,da,devil,devils
Dianah,Dian,Diana,Dia,dianah,dian,diana,dia
Dima1,Dima,dima1,dima
Dimple,dimp
Doc11
Donaldtheduck,Donald,donaldtheduck,donald,donald the duck36
Donatello,Don,donatello,don,Dona,dona
Dora Hier,dora,hier
Doynok,doy,doynok,doy
Drac1,Darc,drac1,drac
Dragole,drago,dragol,dragone,drag
DragonSlayer,dragonsl4yer,dragaonsl,dragonsl,dragon,dragons,slayer,slay,dragon slayer,sl4yer,dragonsl4er
Dragon Fangs,Fangs,dragon fangs,fangs
DrakonicFury,Drakonic,Drak,drak,drakonicFury,drakon
DrLilFoot,drlil,lilfoot,lil foot,drlil foot,drillfoot,drliloot,foot,drlilfoor
DrStrange,strange,dr strange
DRUID,druid,DRU1D,dru1d,drud,drui1d
DruiDiz
Druidz,druidz
Drunkie,Drunk,drunkie,drunk
Dunkinn,Dunk,dunkinn,dunk,dun,dunkiin,dunkin,dino,dubkin,dunk\,dunnkin,shnk,dunkinnn
Eandra,eand,ean,enadra
EatMySpells,eat,eatmy,myspells,spells,spell,ems,eat my spells
Elderboss,elderboss,Eld,eld,elder
ElDiablo,ElDia,eldiablo,eldia
ElectroDude,electro
Elementz,element,ele,elem,elememtz,elememts,elements
EliteHealz,Elite,eliteheals,elite,Eh,eh
EllaofEden,Ella,Eden
Elvia Jones,Elvia,Elva,elvia jones,elvia,elva
Elysian,elys,ely
Episode,Epi,episode,epi
Ertuu,ert,ertu
Eski Mofo,Eski,Mofo,eski mofo,eski
Ethan,ethan,ethan1
Ethhic,ethicx,ethic,eth,ethhicx,ethh
Etoik,eto,etok,etoi,etok griffiths,etiok,grif
Evandre,evan,evand,evandro,eva,evandra
Eveleen,evel,everleen,evvlen,eveelen
Eve21,eve
Evondarty,evon,darty,evon darty
Exio,exio
Eyemruss,eye,russ,eyem,eyemrus
False Warden,false,warden,fw,falsewarden,falsew,fasle warden
FastBlade,fb,fast,fast blade
Fei,Fie,fei,fie
Filet Mignon,filet mignon,Filet,filet,fillet
Filthy Viejo,Filthy,Filth,filthy viejo,filthy,filth
FireAndFire,Fnf,fireandfire,fnf,fire and fire,fireand,faf,fire
Firecrotch,firecrotch,FC,fc
Fired,fired
Firestorms,Firestorm,Storm,Fs,firestorms,firestorm,storm,fs
Fireworkz,workz,fireworks,firework
Firz,firez,fitz,fir,furz,friz
FlawlessBlade,Flawless,Flaw,flawlessblade,flawless,flaw,fkaw,flawlessbladd,flawleasblade,flawless blade,flaw 5
Fleets,fleet,flee
Flexypants,flex,flexy
Florla Cuthbert,florla cuthbert,Florla,florla,Flo,flo
Fondue,fondue
Forex,rex,for,frorex,forecx,fore
Formal,formal,Form,form,fromal,forma,forml
Foxfire,fox
Franko,Franko,frank
Frozen Myth,Frozen,Frozo,Froz,frozen myth,frozen,frozo,froz,Froze,froze,Fro,fro,myth,frozenmyth,frozem
Frumentarii,fru,frum,frumentari,frue,frumen,frumnen,frument,from,deum,frun,frumentary,frumentaris,frumi,frume,Zabet,zab,sabet,frumm
FuriousRogue,Furi,furi,Furious,furious rogue
Galio,galio,galoi,gaio,galli,halio,gal,gallo,glaio,galioq,gailo,galiio,galz,gap
GangsterIV,Gangster,Gang,gangsterIV,gangster,gang,gansteriv,gamgsta,gangsta,gangster iv,ganster
Gannicus39,Gannicus,Gann,Gan,gannicus,gann,gan,ganni
Garein,garein
Gauze,gauz,guze,gaze,gause
Gebu,gebu
Ghostshot,Ghost,ghostshot,ghost
Ginsu,gin,gins,ginsi,gisnu,gunsu
Godflame,godflame,Flame,flame,Gf,gf
GodlyDruid,godly,godly druid
GodlyRange,godly range
Godstrike,God,Gs,godstrike,god,gs,godstrilke,godstike
GodTank,Gt,godtank,gt
g0lden,G0lden,golden,Golden,g0ld,G0ld,gold,Gold
GoodDoMan,good,doman,gooddo,goodoman
Goonch,goonch
Goonsquad,goonsquad
Greengow,green,gow,greengo
Grimalkin,grimalkin
Grimheals
GRIMLOCK365,grimlock365,GL,gl,GRIMLOCK,grimlock,Grimlock,grimlocks
Grimoire,grimo,grim
Grinding,grind,grinder,griding
Gspot,gspot
Guardian Angel,GA,Guardian,ga,guardin angel,guard,Guard,guardianangel,gurdian angel
GucciFlipFlops,gucci,flip,flops,flipflops,flipflop,flop,gucciflip,gucci flip,gucci flip flops,flip flops,gucci flipflops
Guyun,Guy,guyun,guy,guyon
GwartLucas,lucas,gwart,gwar,gwarr,gwartthhs,qwart
H0RT3N,horten,hort,hort3n
H4TD0GZ,hotdogz,hotd0gz,hatdogz,hatd0gz,hotdogs,hotdog,hot dog,hot dogs,h4td0gz,h4t,h4tdogz,dogz
Halder,harder,hader,hald,hal,hard,alder
Headhunterz,headhunter,head
HealingSpells,healing
HealsFromAbove,Hfa,healsfromabove,hfa
HealsonWheels,wheels,wheel,healson,heals on,heals,healsonwhels,wherls,whees
Healz4Yearz, Healz,H4y,Hfy,healz,healz4yearz,h4y,hfy
Heavyshot,Heavy,HS,heavyshot,heavy,hs,heavy shot
Helldiver,Hell,helldiver,hell
HerbalHealz,Herbal,HH,herbalhealz,herbal,hh
Hiiiiiiii,Hiiiii,Hiii,Hii,HI,hiiiiiii,hiiiii,hiii,hii,hi,hiiiiiiiii,hiiii
Holmes,holme,holm,holmens,homes,homles,holems
Hologram,holo,gram
Hostile,hostile
Hpnotiq,Hpnot,hpnotiq,hpnot,Hp,hp
Hunter45,Hunter,Hunt,hunter45,hunter,hunt
Hursaaaaay,Hursaaaay,Hursaaay,Hursaay,Hursay,hursaaaaay,hursaaaay,hursaaay,hursaay,hursay,Hur,hur,hursaaaaaay,Hursaaaaaay,hursaaaaaaay
IAm,I am,i am,iam
I Bite,bite,ibite
iceiceice,ice,Iceiceice,Ice
iCrit,Icrit
ICxRogue,icxrogue,icx,icxr,icxrouge
IDRC,idrc
Illillillillill,Illillillill,Illillill,Illill,Ill,illillillillill,illill,ill,illillillilll
Ilumi,ilumi,Lumi,lumi,ilum,Ilum,iiumi,iium,Illumi,illumi,llumi,ilu,ilui,ilium,illu,ilimi,illum,iliumi,ilumin,ilumeee
Illunis,ilunis,illun,ilun
Illusions
Ily2,Ily,ily2,ily
ImAGoon,imagoon,goon
ImmortalLegend,immortal
ImperialFlame,imperialflame,IF,if
ImSoSavage,savage,im,imso,imasavage,imsosavafe,iamsavage,i'msosavage,savage*,iamsosavage,sabage
ImSoSick,imsosick
ImThatOne1,Ito,imthatone,ito
Inactive,ina,active
Infused,infused,Infuse,infuse
Interruption,Interrupt,Inter,interruption,interrupt,inter
IronFist,iron,fist,xironfistx
Iseabal,isea,ise,isaebel,bale,isabel,iseabel
ItsNotGebu,itsnotgebu,ING,ing
ITox,itox,IT,it
Ivan Drago,Ivan,ivan drago,ivan
J1e5f0f,j1e5fof,jeff,jeff150,j1e5,j1ef0f,j1e50f,jef,j1,j1e
Jakez,jakezz,jake,jakezzz,jakes,jakerzz,jakeszz
jnors1,Jnors1,Jnors,jnors,jnorst
JunkieJohnny,junkiejohnny,Junkie,junkie,Junk,junk,junki,jj
Kahala,kahala,kahal,kaha,khala,kayla,kuhala,kalahar
Kalhalla,kalhala
Kalina,kalina,Kal,kal
Kamii,kami
Kanagasabapathy,kanagasabapathy,Kana,kana,Kan,kan,kanagasa,kanaga
Kartos,kart,kar,kartos78,kartox78,kratos,karr,jarrod,martins,karts78,karts
Katie McArn,Katie,Kate,Kat,katie mcarn,katie,kate,kat,katie macarn
Katrak,katrak,rak
Katrek,katrek,rek,katrec,katr
KeepingYouAlive,keepingyoualive,KeepingUAlive,keepingualive,KYA,kya
Kefla,kefla,Kef,kef
Kellogs,kellogs,kelloggs,kellgos,kellogs,kellog,kellogg,kel,kell
Khaine,kane,kaine,khain
Khun,kh
Kidruzy,kid,ruzy,kidr
Killmon,Km,killmon,km
Killshot,killshot
Killua,killu,kilu,kill,killua13,kilua,kill us,killau
Kinglad,king,lad
KingMaybach,kingmay,maybach,king maybach,kingmybach
Kit Kat,kitkat,kit,kat,tik tak
Kittenkicker,kitten,kitt,kicker,kick,kittenkick,:(
Ksfaii,ksf,ksfai,kasfaii,kafaii,ksfa,ksafii,ksafaii,ks,faii,lsfaii,fai,kfs,lsf
K1zzy,k1zzy,Kizzy,kizzy,Kiz,kiz
Korlisra,kor,korl,korli,kol,korisa,korlisa,kora,koisra,korlis,korlrisa
Kos,kos
Kvothekalos,Kvo,kvothekalos,kvo,Kv,kv,kvoth
Laark,lark,laar,lar
Lady Anarchy,lady anarchy
Lady Celeste,celeste,ladyceleste
Lady Lock,lady lock
LadyLuna,luna,lady,lady luna
LadyFate,ladyfate
Lanoja Gower,lanoja,gower,lanojagower,lano,lanoga gower
Lanre,lanre,lan,larne
Lateralus,later,lateral
Layla1,lay,layla
LazyScy,Lazy,lazyscy,lazy
Leaf Thorinson,leaf,thorinson
Ledion,Led,ledion,led
Leemaster,Lee,leemaster,lee
Legend moka,Legend,Moka,legend moka,legend,moka
LegolasTheELf,LTE,Lego,Lego theelf,legothe elf,legolas theelf,legolasthe elf,legolas the elf,lego the elf,legolas
Leililiani,leililiani,Leil,leil,Lei,lei,leilli,leilla,peil,Leila,leilillani,leiliani,leililiane,leili
Lendoerl,lendoerl,Len,len,Lend,lend,landoerl,lendoer1,lendorl,lendoer,lendoeri
Leo mdeivel,Leo,leomdeivel,mdeivel,leo mdeival
Lesniik,lesnik,les,lesn,niik,less,lesiik
Lethality,Lethal,Leth,lethality,lethal,leth
LewTheGod,lew
Lexion,lex,lexicon,lexionn,lexi
LiamX,Liam,liamx,liam
Lianna,lia,lian,liann,liana,leanna
Lifebonds,Lb,lifebonds,lb
LifeGuard,Lg,lifeguard,lg,life
Lightly69,light,lightly,lighty,lighty69,litghty69
LikeaBossz,like,likea,bossz
Lilani,lilani,Lil,lil
LilMonster,lil monster,li
LittleH,H,little h,h,lh
Little Monster,littlem,monster,lm,little mister,little,littlemonster
Liusaidh,liu,liusaid,liusaidh.
Livid,livid
LlamaHunter,Llama,llamahunter,llama,ilama,iiama
Lno,ino
Lock Block,lock block,lock
LockBlock,lockblock
Longgg,Longg,Long,longgg,longg,long
LookAtme,lookatme,look,Look
LordCihann,Lord,Cihann,Cihan,Ciha,Lordci,lord c,lordc,lordcihan
LoveIsMe,loveisme,Love,love
LovelyRogue,lovely,xxlovelyrougexx
Loyalty,loyalty
Lucozade,Luco,lucozade,luco
Luminous,Lumin,Lum,luminous,lumin,lum,lumimous,lumious,liminous,lumim,lummy,lumn,luminious,lunin,luninous
Lute2,lute,lite2
Lythirlas,Lyth,Lyt,lythirlas,lyth,lyt
Macky,mackey
Madara Uchiha,Madara,madara urchiha,madara
Maev,mae,meave,meav
Maga,Mag,maga,mag
Magicest,magi,magic,magicet
MagicMerlin,merlin,magic merlin,megic,megicmerlin,megic merlin
Mamison,mamison,Mami,mami,Mam,mam,mani,manison,mamsion,mamsison,mamisan,mansion,mami son,mamisom,madison
Mana Ogilvie,Mana,mana ogilvie,mana
Mancan,mancan,macan
MaraJade,mara,jade,marja,mj
Marijuana,marijuana,Marij,marij,Mari,mari
Marina1,Mari,marina1,mari
Markistan3,Mark,markistan3,mark,markistan,marki,markis
Marknato,marknato,Nato,nato
Master Splinter,master splinter,Splint,splint,splinter,master
Mc Flaffy,mcflaffy,flaffy
Medical,medical,Med,med
Medicare
Mhhmmm,mhmmm,mhhmm,mhhm,mhmm,mhm,mhh,mmhh,mmh,mhhhm,mhhh,mhhn,mh,mmhmm,mhhhmmm,mhmmmm,on mhhmm,mmhm,mhhmmmm,mmhhmm,mhn
Michaelangelo,Mich,michaelangelo,mich,much,Michael,michaelengelo,mickaelangelo,michelangelo
Mikeyboy,Mikey,Mike,mikeyboy,mikey,mike
Misdemeanor,Misd,misdemeanor,misd,misde,misdemeanour,mids,misdem
Miss Angelina,Angelina,miss angelina,angelina
Missfired,missfired
MisterWC,Mrwc,misterwc,mrwc,mister
Mo Mo,Momo,mo mo,momo,Mo,mo,mo-mo,mono
Mobryn,mobrin,robyn
Montagne,montagne
Mooooshi,Mooshi,mooooshi,mooshi
Morgatha,Morg,morgatha,morg
Mountaineer,mountain,mount,mountie
Mr. Frog,MrFrog,mr. frog,Frog,frog,mr frog,mrfrog
Mr. Goat,mr. goat,mrgoat,Mrgoat,Goat,goat,mr goat
Mr. Piggi,Piggi,Mrpiggi,mr. piggi,Mr. Piggy,Piggy,piggy,mr piggi
Mr. Tiger,mr tiger,tiger,mrtiger
MrLahey,mr lahey,lahey,mr lahy,mr lah
MrNiceGuy420,mrniceguy,mrnice,niceguy,nice
MrRogue,Mr,mrrogue,mrrouge
MrSchmeaty,mrscheaty,schmeat,mrshmeaty,shmeaty,schmeaty,mr schmeaty,meaty,mrsmeaty,mrscheamty
mrSLOTH,MRSLOTH,mrsloth,SLOTH,sloth
MrWanted77,mr,wanted,mrwanted,mr wanted
Msboby,msboby
Mukk,Muk,mukk,muk
MukkDruid,mukkdruid
MutedGirl,mutedgirl,Mute,mute,Muted,muted
MyLockNow,Mln,mylocknow,mln
Mythic,mythic
MyWorld1,myworld,Myworld,myworld11
N30p1r4t3,n3,n30,n30p,n30p1r4teee,n30pr4teee,n30p1r,n30pr1,n3o,n30p1,n03p,n30p1r4eee,ne0,n30p1r4te
Neopirate,neo
Nagatopain,Nagato,nagatoPain,nagato,nag,nagato,Nag,Nagato Pain,nagato pain
NameMyHero,Nmh,Hero,namemyhero,nmh,hero,name my hero,namemy,namymyhero,name
Narcisse,narc,narci,narcis,narcise,narcissi
Natures Fury,natures fury,NaturesFury,naturesfury,natures,fury
Neeeeenja808,Neenj,Nenja,neeeeenja808,neenja,neenj,nenja,neeeenja808,Neeeenja808,Nj,nj,neen,neeeenja,neeenja,neeeenj,neeenj,neenja,neenja808,neej,neeenja808,neeen,neeeen, neneja
NeonLights,neonlights,Neon,neon,neon lights
Nick629,Nick,nick629,nick
Nightshadow51,nightshadow
nikhilrajj,Nik,Nikhirajj,nik,nikh,nikhil
NLRogue,nl
Noblesse,noblesse
Nobu,nob,nobs
nrg nrg,nrg,nrgnrg,nrh
NugNug,nugnug,Nug,nug,nug nug
Nyx,nyx
Odokawa,odo,odok,kawa,odowaka,oda,odakawa
OG Mudbone,OG,og mudbone,og
Ojah,oh ah,oj,joah,ojha,the ojah,onah,omaha
Olivia,olive,olivi,oliv,olivia maclear,olivia  maclear
Omega,Megs,Mega,omega,megs,mega
OnlyRogue,onlyrogue,Only,only
Ooflol,Oof,ooflol,oof
Oopsie,oops,oopsi,opsie,opsi
OPss,ops,op
Oryx
OwO,owo,0w0
Owein Colt,owein,owe,colt,oweincolt
Oxygen,oxy,gen
OzzyFudd,Ozzy,ozzyfud,ozzy
Painbringer,Pain,painbringer,pain
Palermo,pale,paler,palerm
Payload,Pay,payload,pay
Peachyy,peachy,peach,peachhy,peachhyy,peacyy
PEHLIVANBEY,Pehli,pehlivanbey,pehli,pehil,pehliv,pehlivan,pheli,pehilvanbey,peh,phel,pehl,phil,pehlv,pelv,phelivanbey,pehlvanbey
Penthe,pent,penth,pen
PEST1LENCE,pest,pestilence
Petal,petal
Phantom Hexrat,Hexrat,Phanton,phantom hexrat,phantom,hexrat
P J,pj
Poca
Pop Tarts,pop,poptarts,poptart,pop tart,pop parts
Potatochip,potato,potato chip,pitatochip,pitato chip,patato,chip,portato,potatocho,potatopchip
ProteinChipmunk,Protein,proteinchipmunk,protein,protien,proteoin,prot
Proteus Prime,proteus prime
Public Enemy,public,publicenemy
Purepk9r,pk9r
Purpose,purp
Pyromancer,pyro,pyrom,prom
Pyropete,pete
Quickie,quickie
Quickscope,quikscope, quick scope
Quicksteal,Steal,Qs,quicksteal,steal,qs,quiksteal,quick,quick steal
QuickStriker
Quickstrike,quickstrikee,quikstrikee,quick strikee,quockstrikee,quichstrikee
R0,ro,Ro,r0
Radner,rad,radn
Ragz,ragz
Rampage,rampageeex,ramp,rampageex,rampag,rampagee
RangedAssassin,RA,rangedassassin,ra,ranged,rangedassasin,ranged assassin,ramged
RangerIT,IT,ranger it,it
Rangi,rang
Rapheal,rapheal,Rap,rap
Raven Spike,spike,raven,ravenspike
Raznik,raz,razn,razniik
Razt,razt,rast,ratz
Rebound,reb,rebo
Redbud,bud,Redb
Redish,Red,redish,red,reddish,Reddish
Redpumpkin,Pumpkin,redpumpkin,pumpkin,redpumkin,redpump,red pumpkin,redpumpking
Red Viper,viper,redviper,rv
ReevesHealer,reeves
ReignWrath,reign,wrath
Renaissance,ren,renais,renaise,rena,renai,rennaisance,reinassance
Reverie,rev,reve,rever,reveri
Revive,revive
Rhinokings,rhino,rhino kings,rhino2,rhinokings2,rhino kings2,rhino kings02,Rhinoking1,rhino1,rhinoking1,rhino king1,king1,rhinoking01,rhinoking
Rickstyle,Rick,rickstyle,rick,Brightly,Bright,brightly,bright,rick style
Rikimarro,riki,rikim,marro,rikki
Rikimartin,martin,mar,mart,rkimartin,rikimar,rikimart
RitZ1,Ritz,Rit,ritz1,ritz,rit,ritzi
Robbieladd,Robbie,Rob,Robb,robbieladd,robbie,rob,robb
Robin Hood,Robin,robin hood,robin,rob1n hood,rob1n
Rochambeau,roch,rocham,roc
Roda,roda
Rogue0fMabon,RogueOfMabon,rogueofmabon,R0m,rom,ROM,R0M
Roguepower,Rp,roguepower,rp,rougepower,rogue power, rouge power
Rohin,rohin
Rolling Wood,Rolling,roll,Roll,rolling wood,roling,rollingwood
Rosee eh,rosee eh,Rose,rose
Rosiee,Rose,rosiee,rose
Royalninja,Royal,royalninja,royal,royal ninja,ninja,royalnonja,roy
Royalpain
Rustung,rust,rusting
Ruth Walker,ruth walker,Ruth,ruth,ruthwalker
Sabras Gethin,Sabras,Sab,sabras gethin,sabras,sab,sabb,sabs,san,sav,sabres gethin,sebra,sebras,sabra,sabr
Saerah Magar,Sae,saerah magar,sae,Saerah,saerah,saw,mager,sar,saerah m,searah m,searah
Sagittarii,sagitari,sagittari,sagitarii,sagi,sag,sagittarrii,sagittarius,sagittarri,sagitt
Saint Nicholas,saintnicholas,nicholas,saint,saint nich
Saraaaa98,Sara,saraaa,sara
Sarang,saran
Sasori12,Sasori,sasori,sasori12
Sasuke579,Sasuke,Sas,sasuke579,sasuke,sas
Savingurazz,saving,savingur,savin,savinguraz
Savos,savos
Sebulon,seb,sebu,sebul,set,subulon,devil on
Senia,senia
SerialKilla,Killa,serialkilla,killa
Shadowstrikerx,striker,strikerx,shadowstriker
Shipwreck,ship,wreck
Shooter,shooter guy,shooterguy,sg,shooter  guy,shooter
Shoyo,shoyo,Sho,sho
Silent blade,Silent,silent blade,silent
simppatrol,simp
Sk33ze,sk33ze,Skeeze,skeeze,sk3,sk33se,sweezt
Skullkrusher,Skull,Skully,Skullie,skullcrusher,skull,skully,skullie,Skullkrusher,skullkrusher,skullkrucher,skull crusher,skull krusher,skullster,skully wully
Sky Era,sky era
Slasher42,slash,slasher,dasher
sneakybeaky,sb,Sneaky beaky,Sb,sneaky beaky,sneaky,Sneaky,Sneaky beaky
Sneakyattack,sneaky attack,sneackyattack
Sneakyshadow,Ss,sneakyshadow,ss,sneaky shadow,Sneaky shadow
Sobriety,Sob,sobriety,sob
Soe,soe
Sor Uren,sor,soruren,uren
Soul1,soul,sou1,soup,soulami
Soul Warrior,soul warrior,Sw,sw,soulwarrior
Soulless,soulless,soulles
Spacemaker 300,Spacemaker,spacemaker3000
Spaceman,space man,space
SpartanIII,Spartan
Speedz,speedz,Speed,speed,Sz,sz
Spellguy,spell guy,spell
Spiritaldeath,spiritaldeath,spirit,spiritual
Squirrel,squirrel,squirel,Squirrrrel,squirrrel
Squirts,squirts
Squirtz,squirtz,squirt
Stabetha,stabetha,sabetha,stab,steb
Starrynight54,starrynight54,starry
Steeeeve,steeeeve,Steeeve,steeeve,Steeve,steeve,Steve,steve
Stirstix,Stir,stirstix,stir
Stringer,String,stinger
Stu,st
Sun Tzu,suntzu
Sundown,Sun,sundown,sun,sundow
Supermedo,super,medo,super medo
Surgeon,surgeon,Surg,surg,Sur,sur,Surge,surge,The Surgeon,thesurgeon,the surg,sarge
Swish,swish
Swishy,swishy,swshy,swisy
Taborlin,taborlin.Tab,tab,tabor,tablorin,tablorlin
Taffy,taffy,targy
Tagus,tagus,Tag,tag,tangu
Talon,tal,talo,tali,talonkarrde
Tanjiro,Tan,Tanj,tanjiro,tanj,tan,tam,tamjiro,tanji
Tank of Mabon,tank of mabon,tankofmabon,tank ofmabon,tankof mabon,tank
Tankie,tankie,Tanki,tanki
tankasaurus,Tankasaurus
Targaryen,targ,gary,tarq,targareyn
Teal,tael,tea
Teddy Westside,teddy,teddywestside,ted
Temperr,Temper,temperr,temper,temp
Tenacity,tenacity,Ten,ten,tena,tenac,tenisity,tenicity
TerminNater,Term,Terminnater,terminater,term,termin,terminator,terminnator
Terz,terz
Thaika,thai,thaik
Thanatus,thanatus,Than,than
The Darkness,Darkness,the darkness,darkness
The Diz,Diz,the diz,diz,thediz
The Doctor,Doctor,Doc,the doctor,doctor,doc
The Healer,Healer,Heal,The H3aler,the healer,healer,h3aler,thehealer,theh34ler
The Last Ranger,the last ranger
The Machine,themachine,machine,mach,machi
TheDarkMan,thedarkman,tdm,Tdm,TDM,DarkMan,darkman,Dark,dark
TheFuture,Future,thefuture,future
TheLastRouge,Tlr,tlr
Thermal Healz,thermal healz,thermalhealz,thermalheals,therm,thermal
TheWino,wino,wimp,thewimp,the wino,thewho,threwino
Thyestes,thy,thest,thestes
Thorin Wallace,thorin,wallace
Thunderbuns,Buns,Bunz,thunderbuns,buns,bunz,thunder buns,thundebuns,thunder
Tidus,Tids,Tid,tidus,tids,tid,Tidus32,tidus32
Tiff,tiff
Todins,tod,todi
Tomoko,Tomo,Tom,tomoko,tomo,tom
TonyTony,Tony,tonytony,tony
Tool
Torque,torq
ToxICfire,toxicfire,Tox,tox,Toxic,toxic,toxlc,toxlcfire,toxcic,toxicifre,toxl,toxlfire,toxi,toxic fire,tox1cfire
Toxins,toxin,toxine
Transgress,tran,trans,trqnsgress
TriggerJoe,triggerjoe,trigger,Trigger,Joe,joe
Trillion,trill,trilion,tirl,tril
Tr0jan,Trojan,tr0jan,trojan
Trev Macla,Trev,trev macla,trev
TrueReligion,true,religion,true religion
Try Again,try,tryagain,again,tru
Twisted Rogue,twisted,twist,twiste
Tymur,tymur,Ty,ty,Tym,tym,ty ur
Ungodly,ungodly
Unheal,inheal,un heal,unh
UnitedHealth,united,united health
UrMom69,ur,urm,urmom,mom,mom69,urmum69
Usuk Muaddib,Usuk,usuk muaddib,usuk
UwU,uwu
Vagos,vago,gos,vag,vagos,vagman
Valindra,Val,valindra,val,valin
Valkyrja,valkyria,valk,valkyr,valkrja,valkryja,valkyra,valky,valkryja
Valyria,valyria,Valy,valy,Valyr,valyr,valeria,balyria,valria,valrya
Vangtan Laphrog,Vangtan,Vang,vangtan,vang
Vapegod,vape
Vedrich McCroy,vedrich mccroy,Vedrich,vedrich,VM,vm,Ved,ved,vedrich mcroy,veld,veldrich,velrich,vedrichmccroy,vedrch,vedrichmcroy,verd
VedrichJr,vedrichjr,VedJr,vedjr,Vedrich Jr,vedrich jr,ved jr,veldrich jr
Vendy,vend,vendu
Vestas,vestas
Veto,veto
Vhen,vhen
Vibrancy,Vib,vibrancy,vib
Villain,villian
Viscaria,Visc,Vis,viscaria,visc,vis,viascaria
Vizzion,vision,vizion
Voria MacLaurin,Voria,Vor,V,voria maclaurin,Voria Maclauren,vor,v,voria
Vortar Tolan,Vortar,vortar tolan,vortar,vortartolan
Werts00alts,Wert,werts00alts,wert,warts,wers00alt,werts,werts00,werts00alt,wrest00alt,welts
Whimsy,whimsy
Whisperr,whisper,whisp
WhiteArrow,whitearrrow,white arrow
WHITEDEATH,whitedeath,WhiteDeath,Death,death,whihitedeath,white death,wd
Whiteyes,White,eyes,pixie,pixi,whiteyes,white,white eyes,White eyes,white yea,whit,whiteys
Wiggly Bob,Wiggly,Wig,wiggly bob,wiggly,wig,Bob,bob
Wilding,Wild,wilding,wild
Wind Dancer,wind dancer
Windward,Wind,windward,wind,windy,winward,win,windward windward
Wiro,wiro
Wisteria,wist,wister,wisy,astin powers
xAaliyahx,aaliyah,xaaliyah,aliyah,xaliyahx,xaliyah
XBalanque,xbal,x,balanque,bal,xbalan,xball,x balance,xblanque,bala,xbala,xbalanq,xblanq
xBast,Bast,xbast,bast,x bast
XBlackCobraX,Cobra,xblackcobrax,cobra,Black,black,xxblackcobra,xblack cobrax
XDarthStrikerX,Darth,Darthstriker,darthstriker,darth
Xde,xde
XdiabloX,diablo
xElektrax,ele,elek,elektra,xelectrax,xelectra,electra,electrax,elecktra,elect,elekra
Xeni1387,Xeni,xen
Xerces,xer
xExTiNcTx,ext,extinct,xextinct,extinctx,dextinctx,exe,exit,extinc,xextinc,xex
xHoneyx,Honey,honey,xhoney,honeyx
XNoirX,noir
xRapid,xrapidd,rapid,rapidd,rapi,rapif,rapit,x rapid,rap,xrap,xrapi,rapidx
xRedJamiex,Jamie,red jamie,jamie,xred jamiex
xResonate,Res,resonate,res,xres,xresonate,reso,xresonatex
xRougeMasterx,Rouge,RM,roguemaster,rogue,rm,xrouge masterx,rouge master,xrogue masterx,xroguemasterx,xrougemaster,xrouge master,rn,rougemaster,rogue master
xRoYaLx,xroyalz,roy,royalx,xroy,xroyal
xShionx,shi,shion,xshion,shionx
xSweetiex,Sweetie,sweetie
xTimurx,Tim,timur,tim,XT,xt,Xt,xT,xtim,xtimur,time
xTooxBlackx
Xul Darkstorm,xul,xul darkstrorm
xxCUPIDOxx,cupid,cupido
xxdarkroguexx,dr,darkrogue,darkrouge
XxLoadingxX,load,loading,loadin,xloadingx,xloading,xxloading
xxLovelyRoguexx,Lovely,lovely
XxMlgClutchxX,Mlg,mlg,xxmlg clutchxx,mlg clutch,mlgclutch,mlgcluth,clutch,xxmlgclutch
XxOmegaxX,xxomegaxx,Omega,omega,Mega,mega
xxThorxx,thor,xthorx,xthor,thorx,xxthor,thorxx,xrhorx
xxWarcrusherxx,War,warcrusher,war
YAMUM101,YAMUM,Mum,mum,yamum,yamom
Yemozoo,yemo,yem,yemoz,yemozo
Yoshimura,yoshi,yosh
YourHero,yourhero,YH,yh,Yh,yH
Ysana Pembroke,Ysana,ysana
Yugure,yug,yugu,yugur
Yuh1,Yuh,yuh
YunTheCobra,yun
Zafira,zafira,Fira,fira,zaf
Zahid,zahid
Zaralia,zara,zaral
Zavier,zavier,Zav,zav,zaviar,xavier,xav
Zapp,zapp,Zap,zap,zapps
Zealot,Z,Zea,zealot,z,zea,zeal
Zeero,Zero,zeero,zero
Zenitsu,zenitsu,Zen,zen,zenitus
Zn,zn
Zodiac X,zodiac
Zol,zol,Vannee,Van,vannee,van,Itxaro,itxaro,itx,xaro,txaro,zoo
Zxn
